experiment,total_execution_time_seconds,Load_count,Trucks_count,Trucks_resources,Trucks_min_hour,Trucks_max_hour,Load_items_min,Load_items_max,Load_items_median,Load_items_avg,Load_items_std,Delivered_items_count,Item_delivery_time_min,Item_delivery_time_max,Item_delivery_time_median,Item_delivery_time_avg,Item_delivery_time_std,delivered_diff_day_count,delivered_diff_day_percentage,Order_count,Add_Item_orders,Remove_Item_orders,Close_order_count
simulated_log_process_order_100,283089.3333333333,12.333333333333334,3.0,3.0,7,18,20.0,20.0,20.0,20.0,0.0,246.66666666666666,16330.0,114275.33333333333,53362.166666666664,53599.420934065936,20117.477210923,132.66666666666666,0.5232600732600733,200.0,142.33333333333334,48.666666666666664,0.0
simulated_log_process_order_50,339461.0,18.0,3.0,3.0,7,18,10.0,20.0,20.0,16.944444444444443,4.504536565863642,305.0,17055.0,105170.0,57044.0,55837.688524590165,19376.386828245235,212.0,0.6950819672131148,200.0,135.0,45.0,1.0
simulated_log_process_order_75,272452.0,13.0,3.0,3.0,7,18,15.0,20.0,20.0,18.07692307692308,2.5318484177091665,235.0,13949.0,125691.0,37368.0,43685.84680851064,22702.851395944665,59.0,0.251063829787234,200.0,141.0,46.0,0.0
simulated_log_process_order_90,272397.0,12.0,3.0,3.0,7,17,18.0,20.0,19.0,19.08333333333333,0.90033663737852,229.0,13649.0,75515.0,33750.0,41085.2096069869,19047.386678043,68.0,0.296943231441048,200.0,143.0,61.0,1.0
